Workbook

Sheet dashboard_summary
B2: Olist E-Commerce Reporting Workbook
B3: A reporting layer built on top of the SQL analysis in this project — summary tables and charts, not raw exploration.
B5: How this workbook is organized
B7: Sheet | C7: What it shows | D7: Source query | E7: Status
B8: monthly_sales | C8: Order volume, revenue, and cancellations by month. | D8: 2_monthly_sales.sql | E8: Ready
B9: category_performance | C9: Which product categories drive the most delivered value. | D9: 3_category_performance.sql | E9: Ready
B10: delivery_performance | C10: Delivery timing and how it relates to review scores. | D10: 4_delivery_performance.sql | E10: Ready
B11: customer_seller | C11: Repeat-customer rate and seller revenue concentration. | D11: 5_customer_seller_analysis.sql | E11: Ready
B12: review_analysis | C12: Review score distribution and low-review drivers. | D12: 6_review_analysis.sql | E12: Ready
B14: Scope note: this workbook holds clean summary tables and basic charts only. Deeper statistical analysis (correlations, cohorts) lives in the Python notebooks; polished interactive visuals are built in Power BI.
B16: Headline numbers — monthly_sales
B17: Total Delivered Value | C17: Total Delivered Orders | D17: Total Canceled Orders | E17: Avg. Order Value (overall)
B18: =SUM(monthly_sales!B6:B30) -> 15419774 | C18: =SUM(monthly_sales!C6:C30) -> 96478 | D18: =SUM(monthly_sales!D6:D30) -> 625 | E18: =AVERAGE(monthly_sales!E6:E30) -> 142.0432
B20: Headline numbers — category_performance
B21: Top Category (by Value) | C21: Top Category Revenue | D21: Total Categories | E21: Avg Category Order Value
B22: =category_performance!A6 -> health_beauty | C22: =MAX(category_performance!B6:B79) -> 1412089.5 | D22: =COUNTA(category_performance!A6:A79) -> 74 | E22: =AVERAGE(category_performance!G6:G79) -> 187.04365
B24: Headline numbers — delivery_performance
B25: Total Delivered Orders | C25: Avg Early Rate | D25: Avg On-Time Rate | E25: Avg Late Rate
B26: =SUM(delivery_performance!B6:B28) -> 96470 | C26: =AVERAGE(delivery_performance!G6:G28) -> 0.8948087 | D26: =AVERAGE(delivery_performance!H6:H28) -> 0.0102 | E26: =AVERAGE(delivery_performance!I6:I28) -> 0.094995652
B28: Headline numbers — customer_seller
B29: Total Cohort Customers | C29: Repeat Customer Rate (overall) | D29: Avg Revenue / Customer | E29: Top Seller Revenue
B30: =SUM(customer_seller!B6:B28) -> 93358 | C30: =customer_seller!I2 -> 0.030002785 | D30: =customer_seller!J2 -> 165.16821 | E30: =customer_seller!K2 -> 247007.06
B32: Headline numbers — review_analysis
B33: Avg Review Score (Early) | C33: Avg Review Score (Late) | D33: Low-Review Rate (Early) | E33: Low-Review Rate (Late)
B34: =review_analysis!C32 -> 4.29 | C34: =review_analysis!C34 -> 2.27 | D34: =review_analysis!E32 -> 0.0919 | E34: =review_analysis!E34 -> 0.6236

Sheet monthly_sales
A1: Monthly Sales
A2: Question answered: how did completed sales, order value, and cancellations move month by month?
A3: Delivered-order KPIs only. Values link to raw_data_monthly_sales (green text = cross-sheet formula).
A5: Month | B5: Total Order Value | C5: Delivered Orders | D5: Canceled Orders | E5: Average Order Value | F5: Freight Value
A6: =raw_data_monthly_sales!A5 -> 42614 | B6: =raw_data_monthly_sales!K5 -> 143.46 | C6: =raw_data_monthly_sales!C5 -> 1 | D6: =raw_data_monthly_sales!D5 -> 2 | E6: =raw_data_monthly_sales!L5 -> 143.46 | F6: =raw_data_monthly_sales!J5 -> 8.49
A7: =raw_data_monthly_sales!A6 -> 42644 | B7: =raw_data_monthly_sales!K6 -> 46490.66 | C7: =raw_data_monthly_sales!C6 -> 265 | D7: =raw_data_monthly_sales!D6 -> 24 | E7: =raw_data_monthly_sales!L6 -> 175.44 | F7: =raw_data_monthly_sales!J6 -> 6165.55
A8: =raw_data_monthly_sales!A7 -> 42705 | B8: =raw_data_monthly_sales!K7 -> 19.62 | C8: =raw_data_monthly_sales!C7 -> 1 | D8: =raw_data_monthly_sales!D7 -> 0 | E8: =raw_data_monthly_sales!L7 -> 19.62 | F8: =raw_data_monthly_sales!J7 -> 8.72
A9: =raw_data_monthly_sales!A8 -> 42736 | B9: =raw_data_monthly_sales!K8 -> 127482.37 | C9: =raw_data_monthly_sales!C8 -> 750 | D9: =raw_data_monthly_sales!D8 -> 3 | E9: =raw_data_monthly_sales!L8 -> 169.98 | F9: =raw_data_monthly_sales!J8 -> 15684.01
A10: =raw_data_monthly_sales!A9 -> 42767 | B10: =raw_data_monthly_sales!K9 -> 271239.32 | C10: =raw_data_monthly_sales!C9 -> 1653 | D10: =raw_data_monthly_sales!D9 -> 17 | E10: =raw_data_monthly_sales!L9 -> 164.09 | F10: =raw_data_monthly_sales!J9 -> 37015.92
A11: =raw_data_monthly_sales!A10 -> 42795 | B11: =raw_data_monthly_sales!K10 -> 414330.95 | C11: =raw_data_monthly_sales!C10 -> 2546 | D11: =raw_data_monthly_sales!D10 -> 33 | E11: =raw_data_monthly_sales!L10 -> 162.74 | F11: =raw_data_monthly_sales!J10 -> 55132.1
A12: =raw_data_monthly_sales!A11 -> 42826 | B12: =raw_data_monthly_sales!K11 -> 390812.4 | C12: =raw_data_monthly_sales!C11 -> 2303 | D12: =raw_data_monthly_sales!D11 -> 18 | E12: =raw_data_monthly_sales!L11 -> 169.7 | F12: =raw_data_monthly_sales!J11 -> 50142.72
A13: =raw_data_monthly_sales!A12 -> 42856 | B13: =raw_data_monthly_sales!K12 -> 566851.4 | C13: =raw_data_monthly_sales!C12 -> 3546 | D13: =raw_data_monthly_sales!D12 -> 29 | E13: =raw_data_monthly_sales!L12 -> 159.86 | F13: =raw_data_monthly_sales!J12 -> 77513.15
A14: =raw_data_monthly_sales!A13 -> 42887 | B14: =raw_data_monthly_sales!K13 -> 490050.37 | C14: =raw_data_monthly_sales!C13 -> 3135 | D14: =raw_data_monthly_sales!D13 -> 16 | E14: =raw_data_monthly_sales!L13 -> 156.32 | F14: =raw_data_monthly_sales!J13 -> 68127
A15: =raw_data_monthly_sales!A14 -> 42917 | B15: =raw_data_monthly_sales!K14 -> 566299.08 | C15: =raw_data_monthly_sales!C14 -> 3872 | D15: =raw_data_monthly_sales!D14 -> 28 | E15: =raw_data_monthly_sales!L14 -> 146.25 | F15: =raw_data_monthly_sales!J14 -> 84694.56
A16: =raw_data_monthly_sales!A15 -> 42948 | B16: =raw_data_monthly_sales!K15 -> 645832.36 | C16: =raw_data_monthly_sales!C15 -> 4193 | D16: =raw_data_monthly_sales!D15 -> 27 | E16: =raw_data_monthly_sales!L15 -> 154.03 | F16: =raw_data_monthly_sales!J15 -> 91132.66
A17: =raw_data_monthly_sales!A16 -> 42979 | B17: =raw_data_monthly_sales!K16 -> 701077.49 | C17: =raw_data_monthly_sales!C16 -> 4150 | D17: =raw_data_monthly_sales!D16 -> 20 | E17: =raw_data_monthly_sales!L16 -> 168.93 | F17: =raw_data_monthly_sales!J16 -> 93677.82
... A30: =raw_data_monthly_sales!A29 -> 43374 | B30: =raw_data_monthly_sales!K29 -> 0 | C30: =raw_data_monthly_sales!C29 -> 0 | D30: =raw_data_monthly_sales!D29 -> 4 | E30: =raw_data_monthly_sales!L29 -> 0 | F30: =raw_data_monthly_sales!J29 -> 0
A31: Total / Avg | B31: =SUM(B6:B30) -> 15419774 | C31: =SUM(C6:C30) -> 96478 | D31: =SUM(D6:D30) -> 625 | E31: =AVERAGE(E6:E30) -> 142.0432 | F31: =SUM(F6:F30) -> 2198275.6
A33: Data quality note: Sep-Oct 2018 show 0 delivered orders — dataset extraction cutoff, not a real sales collapse. Excluded from visual emphasis above.

Sheet category_performance
A1: Category Performance
A2: Question answered: which product categories drive the highest volume, revenue, and order value?
A3: Delivered-order KPIs only. Values link to raw_data_category_performance (green text = cross-sheet formula).
A5: Product Category | B5: Total Order Value | C5: Product Revenue | D5: Freight Value | E5: Delivered Orders | F5: Items Sold | G5: Average Order Value
A6: =raw_data_category_performance!A5 -> health_beauty | B6: =raw_data_category_performance!F5 -> 1412089.5 | C6: =raw_data_category_performance!D5 -> 1233131.7 | D6: =raw_data_category_performance!E5 -> 178957.81 | E6: =raw_data_category_performance!B5 -> 8647 | F6: =raw_data_category_performance!C5 -> 9465 | G6: =raw_data_category_performance!G5 -> 163.3
A7: =raw_data_category_performance!A6 -> watches_gifts | B7: =raw_data_category_performance!F6 -> 1264333.1 | C7: =raw_data_category_performance!D6 -> 1166177 | D7: =raw_data_category_performance!E6 -> 98156.14 | E7: =raw_data_category_performance!B6 -> 5495 | F7: =raw_data_category_performance!C6 -> 5859 | G7: =raw_data_category_performance!G6 -> 230.09
A8: =raw_data_category_performance!A7 -> bed_bath_table | B8: =raw_data_category_performance!F7 -> 1225209.3 | C8: =raw_data_category_performance!D7 -> 1023434.8 | D8: =raw_data_category_performance!E7 -> 201774.5 | E8: =raw_data_category_performance!B7 -> 9272 | F8: =raw_data_category_performance!C7 -> 10953 | G8: =raw_data_category_performance!G7 -> 132.14
A9: =raw_data_category_performance!A8 -> sports_leisure | B9: =raw_data_category_performance!F8 -> 1118256.9 | C9: =raw_data_category_performance!D8 -> 954852.55 | D9: =raw_data_category_performance!E8 -> 163404.36 | E9: =raw_data_category_performance!B8 -> 7530 | F9: =raw_data_category_performance!C8 -> 8431 | G9: =raw_data_category_performance!G8 -> 148.51
A10: =raw_data_category_performance!A9 -> computers_accessories | B10: =raw_data_category_performance!F9 -> 1032723.8 | C10: =raw_data_category_performance!D9 -> 888724.61 | D10: =raw_data_category_performance!E9 -> 143999.16 | E10: =raw_data_category_performance!B9 -> 6530 | F10: =raw_data_category_performance!C9 -> 7644 | G10: =raw_data_category_performance!G9 -> 158.15
A11: =raw_data_category_performance!A10 -> furniture_decor | B11: =raw_data_category_performance!F10 -> 880329.92 | C11: =raw_data_category_performance!D10 -> 711927.69 | D11: =raw_data_category_performance!E10 -> 168402.23 | E11: =raw_data_category_performance!B10 -> 6307 | F11: =raw_data_category_performance!C10 -> 8160 | G11: =raw_data_category_performance!G10 -> 139.58
A12: =raw_data_category_performance!A11 -> housewares | B12: =raw_data_category_performance!F11 -> 758392.25 | C12: =raw_data_category_performance!D11 -> 615628.69 | D12: =raw_data_category_performance!E11 -> 142763.56 | E12: =raw_data_category_performance!B11 -> 5743 | F12: =raw_data_category_performance!C11 -> 6795 | G12: =raw_data_category_performance!G11 -> 132.06
A13: =raw_data_category_performance!A12 -> cool_stuff | B13: =raw_data_category_performance!F12 -> 691680.89 | C13: =raw_data_category_performance!D12 -> 610204.1 | D13: =raw_data_category_performance!E12 -> 81476.79 | E13: =raw_data_category_performance!B12 -> 3559 | F13: =raw_data_category_performance!C12 -> 3718 | G13: =raw_data_category_performance!G12 -> 194.35
A14: =raw_data_category_performance!A13 -> auto | B14: =raw_data_category_performance!F13 -> 669454.75 | C14: =raw_data_category_performance!D13 -> 578966.65 | D14: =raw_data_category_performance!E13 -> 90488.1 | E14: =raw_data_category_performance!B13 -> 3810 | F14: =raw_data_category_performance!C13 -> 4140 | G14: =raw_data_category_performance!G13 -> 175.71
A15: =raw_data_category_performance!A14 -> garden_tools | B15: =raw_data_category_performance!F14 -> 567145.68 | C15: =raw_data_category_performance!D14 -> 470495.28 | D15: =raw_data_category_performance!E14 -> 96650.4 | E15: =raw_data_category_performance!B14 -> 3448 | F15: =raw_data_category_performance!C14 -> 4268 | G15: =raw_data_category_performance!G14 -> 164.49
A16: =raw_data_category_performance!A15 -> toys | B16: =raw_data_category_performance!F15 -> 547061.06 | C16: =raw_data_category_performance!D15 -> 471286.48 | D16: =raw_data_category_performance!E15 -> 75774.58 | E16: =raw_data_category_performance!B15 -> 3804 | F16: =raw_data_category_performance!C15 -> 4030 | G16: =raw_data_category_performance!G15 -> 143.81
A17: =raw_data_category_performance!A16 -> baby | B17: =raw_data_category_performance!F16 -> 466727.65 | C17: =raw_data_category_performance!D16 -> 400421.84 | D17: =raw_data_category_performance!E16 -> 66305.81 | E17: =raw_data_category_performance!B16 -> 2809 | F17: =raw_data_category_performance!C16 -> 2982 | G17: =raw_data_category_performance!G16 -> 166.15
... A79: =raw_data_category_performance!A78 -> security_and_services | B79: =raw_data_category_performance!F78 -> 324.51 | C79: =raw_data_category_performance!D78 -> 283.29 | D79: =raw_data_category_performance!E78 -> 41.22 | E79: =raw_data_category_performance!B78 -> 2 | F79: =raw_data_category_performance!C78 -> 2 | G79: =raw_data_category_performance!G78 -> 162.26
A80: Total / Avg | B80: =SUM(B6:B79) -> 15419774 | C80: =SUM(C6:C79) -> 13221498 | D80: =SUM(D6:D79) -> 2198275.6 | E80: =SUM(E6:E79) -> 97276 | F80: =SUM(F6:F79) -> 110197 | G80: =AVERAGE(G6:G79) -> 187.04365
A82: Showing all 74 categories, sorted by total order value. Chart shows the top 10 only. 'Unknown' groups products missing a category label in the source data.
A83: Want to explore interactively? Select A5:G79 in Excel, Insert > Table, then Insert > Slicer on 'Product Category' to filter the chart by category live. Slicers can't be created from a script and need to be added once in the desktop/web app.

Sheet delivery_performance
A1: Delivery Performance
A2: Question answered: how reliably were orders delivered over time, and what's the early/on-time/late breakdown?
A3: Delivered-order KPIs only. Values link to raw_data_delivery_performance (green text = cross-sheet formula).
A5: Month | B5: Delivered Orders | C5: Avg Delivery Days | D5: Early Orders | E5: On-Time Orders | F5: Late Orders | G5: Early Rate | H5: On-Time Rate | I5: Late Rate
A6: =raw_data_delivery_performance!A5 -> 42614 | B6: =raw_data_delivery_performance!B5 -> 1 | C6: =raw_data_delivery_performance!C5 -> 54.81 | D6: =raw_data_delivery_performance!F5 -> 0 | E6: =raw_data_delivery_performance!G5 -> 0 | F6: =raw_data_delivery_performance!H5 -> 1 | G6: =raw_data_delivery_performance!I5/100 -> 0 | H6: =raw_data_delivery_performance!J5/100 -> 0 | I6: =raw_data_delivery_performance!K5/100 -> 1
A7: =raw_data_delivery_performance!A6 -> 42644 | B7: =raw_data_delivery_performance!B6 -> 265 | C7: =raw_data_delivery_performance!C6 -> 19.6 | D7: =raw_data_delivery_performance!F6 -> 262 | E7: =raw_data_delivery_performance!G6 -> 1 | F7: =raw_data_delivery_performance!H6 -> 2 | G7: =raw_data_delivery_performance!I6/100 -> 0.9887 | H7: =raw_data_delivery_performance!J6/100 -> 0.0038 | I7: =raw_data_delivery_performance!K6/100 -> 0.0075
A8: =raw_data_delivery_performance!A7 -> 42705 | B8: =raw_data_delivery_performance!B7 -> 1 | C8: =raw_data_delivery_performance!C7 -> 4.69 | D8: =raw_data_delivery_performance!F7 -> 1 | E8: =raw_data_delivery_performance!G7 -> 0 | F8: =raw_data_delivery_performance!H7 -> 0 | G8: =raw_data_delivery_performance!I7/100 -> 1 | H8: =raw_data_delivery_performance!J7/100 -> 0 | I8: =raw_data_delivery_performance!K7/100 -> 0
A9: =raw_data_delivery_performance!A8 -> 42736 | B9: =raw_data_delivery_performance!B8 -> 750 | C9: =raw_data_delivery_performance!C8 -> 12.65 | D9: =raw_data_delivery_performance!F8 -> 727 | E9: =raw_data_delivery_performance!G8 -> 1 | F9: =raw_data_delivery_performance!H8 -> 22 | G9: =raw_data_delivery_performance!I8/100 -> 0.9693 | H9: =raw_data_delivery_performance!J8/100 -> 0.0013 | I9: =raw_data_delivery_performance!K8/100 -> 0.0293
A10: =raw_data_delivery_performance!A9 -> 42767 | B10: =raw_data_delivery_performance!B9 -> 1653 | C10: =raw_data_delivery_performance!C9 -> 13.17 | D10: =raw_data_delivery_performance!F9 -> 1600 | E10: =raw_data_delivery_performance!G9 -> 4 | F10: =raw_data_delivery_performance!H9 -> 49 | G10: =raw_data_delivery_performance!I9/100 -> 0.9679 | H10: =raw_data_delivery_performance!J9/100 -> 0.0024 | I10: =raw_data_delivery_performance!K9/100 -> 0.0296
A11: =raw_data_delivery_performance!A10 -> 42795 | B11: =raw_data_delivery_performance!B10 -> 2546 | C11: =raw_data_delivery_performance!C10 -> 12.95 | D11: =raw_data_delivery_performance!F10 -> 2404 | E11: =raw_data_delivery_performance!G10 -> 26 | F11: =raw_data_delivery_performance!H10 -> 116 | G11: =raw_data_delivery_performance!I10/100 -> 0.9442 | H11: =raw_data_delivery_performance!J10/100 -> 0.0102 | I11: =raw_data_delivery_performance!K10/100 -> 0.0456
A12: =raw_data_delivery_performance!A11 -> 42826 | B12: =raw_data_delivery_performance!B11 -> 2303 | C12: =raw_data_delivery_performance!C11 -> 14.92 | D12: =raw_data_delivery_performance!F11 -> 2122 | E12: =raw_data_delivery_performance!G11 -> 30 | F12: =raw_data_delivery_performance!H11 -> 151 | G12: =raw_data_delivery_performance!I11/100 -> 0.9214 | H12: =raw_data_delivery_performance!J11/100 -> 0.013 | I12: =raw_data_delivery_performance!K11/100 -> 0.0656
A13: =raw_data_delivery_performance!A12 -> 42856 | B13: =raw_data_delivery_performance!B12 -> 3545 | C13: =raw_data_delivery_performance!C12 -> 11.32 | D13: =raw_data_delivery_performance!F12 -> 3417 | E13: =raw_data_delivery_performance!G12 -> 22 | F13: =raw_data_delivery_performance!H12 -> 106 | G13: =raw_data_delivery_performance!I12/100 -> 0.9639 | H13: =raw_data_delivery_performance!J12/100 -> 0.0062 | I13: =raw_data_delivery_performance!K12/100 -> 0.0299
A14: =raw_data_delivery_performance!A13 -> 42887 | B14: =raw_data_delivery_performance!B13 -> 3135 | C14: =raw_data_delivery_performance!C13 -> 12.01 | D14: =raw_data_delivery_performance!F13 -> 3014 | E14: =raw_data_delivery_performance!G13 -> 26 | F14: =raw_data_delivery_performance!H13 -> 95 | G14: =raw_data_delivery_performance!I13/100 -> 0.9614 | H14: =raw_data_delivery_performance!J13/100 -> 0.0083 | I14: =raw_data_delivery_performance!K13/100 -> 0.0303
A15: =raw_data_delivery_performance!A14 -> 42917 | B15: =raw_data_delivery_performance!B14 -> 3872 | C15: =raw_data_delivery_performance!C14 -> 11.59 | D15: =raw_data_delivery_performance!F14 -> 3739 | E15: =raw_data_delivery_performance!G14 -> 25 | F15: =raw_data_delivery_performance!H14 -> 108 | G15: =raw_data_delivery_performance!I14/100 -> 0.9657 | H15: =raw_data_delivery_performance!J14/100 -> 0.0065 | I15: =raw_data_delivery_performance!K14/100 -> 0.0279
A16: =raw_data_delivery_performance!A15 -> 42948 | B16: =raw_data_delivery_performance!B15 -> 4193 | C16: =raw_data_delivery_performance!C15 -> 11.15 | D16: =raw_data_delivery_performance!F15 -> 4054 | E16: =raw_data_delivery_performance!G15 -> 17 | F16: =raw_data_delivery_performance!H15 -> 122 | G16: =raw_data_delivery_performance!I15/100 -> 0.9668 | H16: =raw_data_delivery_performance!J15/100 -> 0.0041 | I16: =raw_data_delivery_performance!K15/100 -> 0.0291
A17: =raw_data_delivery_performance!A16 -> 42979 | B17: =raw_data_delivery_performance!B16 -> 4150 | C17: =raw_data_delivery_performance!C16 -> 11.85 | D17: =raw_data_delivery_performance!F16 -> 3934 | E17: =raw_data_delivery_performance!G16 -> 34 | F17: =raw_data_delivery_performance!H16 -> 182 | G17: =raw_data_delivery_performance!I16/100 -> 0.948 | H17: =raw_data_delivery_performance!J16/100 -> 0.0082 | I17: =raw_data_delivery_performance!K16/100 -> 0.0439
... A28: =raw_data_delivery_performance!A27 -> 43313 | B28: =raw_data_delivery_performance!B27 -> 6351 | C28: =raw_data_delivery_performance!C27 -> 7.73 | D28: =raw_data_delivery_performance!F27 -> 5691 | E28: =raw_data_delivery_performance!G27 -> 267 | F28: =raw_data_delivery_performance!H27 -> 393 | G28: =raw_data_delivery_performance!I27/100 -> 0.8961 | H28: =raw_data_delivery_performance!J27/100 -> 0.042 | I28: =raw_data_delivery_performance!K27/100 -> 0.0619
A30: Highlighted rows (Nov 2017 - Mar 2018) mark the operational stress window where late-delivery rate climbed noticeably above the rest of the timeline.

Sheet customer_seller
A1: Customer & Seller Analysis | I1: Repeat Customer Rate (overall) | J1: Avg Revenue / Customer (overall) | K1: Top Seller Revenue
A2: Question answered: cohort size, repeat-customer rate, average revenue per customer, and top sellers by delivered revenue. | I2: =SUM(C6:C28)/SUM(B6:B28) -> 0.030002785 | J2: =SUM(F6:F28)/SUM(B6:B28) -> 165.16821 | K2: =D32 -> 247007.06
A3: Delivered-order KPIs only. Values link to raw_data_customer_seller (green text = cross-sheet formula).
A5: Cohort Month | B5: Cohort Customers | C5: Repeat Customers | D5: Avg Orders/Customer | E5: Avg Revenue/Customer | F5: Total Cohort Revenue | G5: Repeat Customer Rate
A6: =raw_data_customer_seller!A5 -> 2016-09-01 | B6: =raw_data_customer_seller!B5 -> 1 | C6: =raw_data_customer_seller!C5 -> 0 | D6: =raw_data_customer_seller!D5 -> 1 | E6: =raw_data_customer_seller!E5 -> 143.46 | F6: =raw_data_customer_seller!F5 -> 143.46 | G6: =raw_data_customer_seller!G5/100 -> 0
A7: =raw_data_customer_seller!A6 -> 2016-10-01 | B7: =raw_data_customer_seller!B6 -> 262 | C7: =raw_data_customer_seller!C6 -> 12 | D7: =raw_data_customer_seller!D6 -> 1.05 | E7: =raw_data_customer_seller!E6 -> 184.13 | F7: =raw_data_customer_seller!F6 -> 48241.35 | G7: =raw_data_customer_seller!G6/100 -> 0.0458
A8: =raw_data_customer_seller!A7 -> 2016-12-01 | B8: =raw_data_customer_seller!B7 -> 1 | C8: =raw_data_customer_seller!C7 -> 1 | D8: =raw_data_customer_seller!D7 -> 2 | E8: =raw_data_customer_seller!E7 -> 39.24 | F8: =raw_data_customer_seller!F7 -> 39.24 | G8: =raw_data_customer_seller!G7/100 -> 1
A9: =raw_data_customer_seller!A8 -> 2017-01-01 | B9: =raw_data_customer_seller!B8 -> 717 | C9: =raw_data_customer_seller!C8 -> 52 | D9: =raw_data_customer_seller!D8 -> 1.09 | E9: =raw_data_customer_seller!E8 -> 182.59 | F9: =raw_data_customer_seller!F8 -> 130915.22 | G9: =raw_data_customer_seller!G8/100 -> 0.0725
A10: =raw_data_customer_seller!A9 -> 2017-02-01 | B10: =raw_data_customer_seller!B9 -> 1628 | C10: =raw_data_customer_seller!C9 -> 66 | D10: =raw_data_customer_seller!D9 -> 1.04 | E10: =raw_data_customer_seller!E9 -> 170.63 | F10: =raw_data_customer_seller!F9 -> 277792.38 | G10: =raw_data_customer_seller!G9/100 -> 0.0405
A11: =raw_data_customer_seller!A10 -> 2017-03-01 | B11: =raw_data_customer_seller!B10 -> 2503 | C11: =raw_data_customer_seller!C10 -> 121 | D11: =raw_data_customer_seller!D10 -> 1.06 | E11: =raw_data_customer_seller!E10 -> 171.37 | F11: =raw_data_customer_seller!F10 -> 428948.45 | G11: =raw_data_customer_seller!G10/100 -> 0.0483
A12: =raw_data_customer_seller!A11 -> 2017-04-01 | B12: =raw_data_customer_seller!B11 -> 2256 | C12: =raw_data_customer_seller!C11 -> 102 | D12: =raw_data_customer_seller!D11 -> 1.05 | E12: =raw_data_customer_seller!E11 -> 178.67 | F12: =raw_data_customer_seller!F11 -> 403083.12 | G12: =raw_data_customer_seller!G11/100 -> 0.0452
A13: =raw_data_customer_seller!A12 -> 2017-05-01 | B13: =raw_data_customer_seller!B12 -> 3451 | C13: =raw_data_customer_seller!C12 -> 182 | D13: =raw_data_customer_seller!D12 -> 1.06 | E13: =raw_data_customer_seller!E12 -> 168.99 | F13: =raw_data_customer_seller!F12 -> 583196.95 | G13: =raw_data_customer_seller!G12/100 -> 0.0527
A14: =raw_data_customer_seller!A13 -> 2017-06-01 | B14: =raw_data_customer_seller!B13 -> 3037 | C14: =raw_data_customer_seller!C13 -> 161 | D14: =raw_data_customer_seller!D13 -> 1.06 | E14: =raw_data_customer_seller!E13 -> 166.12 | F14: =raw_data_customer_seller!F13 -> 504520.05 | G14: =raw_data_customer_seller!G13/100 -> 0.053
A15: =raw_data_customer_seller!A14 -> 2017-07-01 | B15: =raw_data_customer_seller!B14 -> 3752 | C15: =raw_data_customer_seller!C14 -> 175 | D15: =raw_data_customer_seller!D14 -> 1.05 | E15: =raw_data_customer_seller!E14 -> 153.8 | F15: =raw_data_customer_seller!F14 -> 577051.37 | G15: =raw_data_customer_seller!G14/100 -> 0.0466
A16: =raw_data_customer_seller!A15 -> 2017-08-01 | B16: =raw_data_customer_seller!B15 -> 4057 | C16: =raw_data_customer_seller!C15 -> 191 | D16: =raw_data_customer_seller!D15 -> 1.06 | E16: =raw_data_customer_seller!E15 -> 162.47 | F16: =raw_data_customer_seller!F15 -> 659150.61 | G16: =raw_data_customer_seller!G15/100 -> 0.0471
A17: =raw_data_customer_seller!A16 -> 2017-09-01 | B17: =raw_data_customer_seller!B16 -> 4004 | C17: =raw_data_customer_seller!C16 -> 180 | D17: =raw_data_customer_seller!D16 -> 1.05 | E17: =raw_data_customer_seller!E16 -> 177.06 | F17: =raw_data_customer_seller!F16 -> 708937.04 | G17: =raw_data_customer_seller!G16/100 -> 0.045
... A28: =raw_data_customer_seller!A27 -> 2018-08-01 | B28: =raw_data_customer_seller!B27 -> 6144 | C28: =raw_data_customer_seller!C27 -> 34 | D28: =raw_data_customer_seller!D27 -> 1.01 | E28: =raw_data_customer_seller!E27 -> 156.74 | F28: =raw_data_customer_seller!F27 -> 963030.33 | G28: =raw_data_customer_seller!G27/100 -> 0.0055
A30: Top 15 Sellers by Delivered Revenue
A31: Seller Rank | B31: Seller ID | C31: Delivered Orders | D31: Total Seller Revenue | E31: Avg Order Value
A32: Seller 1 | B32: =raw_data_customer_seller!A31 -> 4869f7a5dfa277a7dca6462dcf3b52b2 | C32: =raw_data_customer_seller!B31 -> 1124 | D32: =raw_data_customer_seller!C31 -> 247007.06 | E32: =raw_data_customer_seller!D31 -> 219.76
A33: Seller 2 | B33: =raw_data_customer_seller!A32 -> 7c67e1448b00f6e969d365cea6b010ab | C33: =raw_data_customer_seller!B32 -> 973 | D33: =raw_data_customer_seller!C32 -> 237806.69 | E33: =raw_data_customer_seller!D32 -> 244.41
A34: Seller 3 | B34: =raw_data_customer_seller!A33 -> 4a3ca9315b744ce9f8e9374361493884 | C34: =raw_data_customer_seller!B33 -> 1772 | D34: =raw_data_customer_seller!C33 -> 231220.43 | E34: =raw_data_customer_seller!D33 -> 130.49
A35: Seller 4 | B35: =raw_data_customer_seller!A34 -> 53243585a1d6dc2643021fd1853d8905 | C35: =raw_data_customer_seller!B34 -> 348 | D35: =raw_data_customer_seller!C34 -> 230797.02 | E35: =raw_data_customer_seller!D34 -> 663.21
A36: Seller 5 | B36: =raw_data_customer_seller!A35 -> fa1c13f2614d7b5c4749cbc52fecda94 | C36: =raw_data_customer_seller!B35 -> 578 | D36: =raw_data_customer_seller!C35 -> 200833.5 | E36: =raw_data_customer_seller!D35 -> 347.46
A37: Seller 6 | B37: =raw_data_customer_seller!A36 -> da8622b14eb17ae2831f4ac5b9dab84a | C37: =raw_data_customer_seller!B36 -> 1311 | D37: =raw_data_customer_seller!C36 -> 184706.78 | E37: =raw_data_customer_seller!D36 -> 140.89
A38: Seller 7 | B38: =raw_data_customer_seller!A37 -> 7e93a43ef30c4f03f38b393420bc753a | C38: =raw_data_customer_seller!B37 -> 319 | D38: =raw_data_customer_seller!C37 -> 171973.55 | E38: =raw_data_customer_seller!D37 -> 539.1
A39: Seller 8 | B39: =raw_data_customer_seller!A38 -> 1025f0e2d44d7041d6cf58b6550e0bfa | C39: =raw_data_customer_seller!B38 -> 910 | D39: =raw_data_customer_seller!C38 -> 171924.96 | E39: =raw_data_customer_seller!D38 -> 188.93
A40: Seller 9 | B40: =raw_data_customer_seller!A39 -> 7a67c85e85bb2ce8582c35f2203ad736 | C40: =raw_data_customer_seller!B39 -> 1145 | D40: =raw_data_customer_seller!C39 -> 160278.52 | E40: =raw_data_customer_seller!D39 -> 139.98
A41: Seller 10 | B41: =raw_data_customer_seller!A40 -> 955fee9216a65b617aa5c0531780ce60 | C41: =raw_data_customer_seller!B40 -> 1261 | D41: =raw_data_customer_seller!C40 -> 156606.48 | E41: =raw_data_customer_seller!D40 -> 124.19
A42: Seller 11 | B42: =raw_data_customer_seller!A41 -> 6560211a19b47992c3666cc44a7e94c0 | C42: =raw_data_customer_seller!B41 -> 1819 | D42: =raw_data_customer_seller!C41 -> 148050.94 | E42: =raw_data_customer_seller!D41 -> 81.39
A43: Seller 12 | B43: =raw_data_customer_seller!A42 -> 1f50f920176fa81dab994f9023523100 | C43: =raw_data_customer_seller!B42 -> 1399 | D43: =raw_data_customer_seller!C42 -> 141712.94 | E43: =raw_data_customer_seller!D42 -> 101.3
... A46: Seller 15 | B46: =raw_data_customer_seller!A45 -> 620c87c171fb2a6dd6e8bb4dec959fc6 | C46: =raw_data_customer_seller!B45 -> 722 | D46: =raw_data_customer_seller!C45 -> 126278.18 | E46: =raw_data_customer_seller!D45 -> 174.9
A48: Note: seller_id values are anonymized hashes from the source data; 'Seller Rank' is added here for readable chart labels.

Sheet review_analysis
A1: Review Analysis
A2: Question answered: average review score by delivery status, low-review rate by delivery status, and monthly review trend.
A3: Delivered-order KPIs only. Values link to raw_data_review_analysis (green text = cross-sheet formula).
A5: Review Month | B5: Reviewed Orders | C5: Avg Review Score | D5: Low Review Orders | E5: Low Review Rate
A6: =raw_data_review_analysis!A5 -> 2016-09-01 | B6: =raw_data_review_analysis!B5 -> 1 | C6: =raw_data_review_analysis!C5 -> 1 | D6: =raw_data_review_analysis!D5 -> 1 | E6: =raw_data_review_analysis!E5/100 -> 1
A7: =raw_data_review_analysis!A6 -> 2016-10-01 | B7: =raw_data_review_analysis!B6 -> 262 | C7: =raw_data_review_analysis!C6 -> 4.01 | D7: =raw_data_review_analysis!D6 -> 43 | E7: =raw_data_review_analysis!E6/100 -> 0.1641
A8: =raw_data_review_analysis!A7 -> 2016-12-01 | B8: =raw_data_review_analysis!B7 -> 1 | C8: =raw_data_review_analysis!C7 -> 5 | D8: =raw_data_review_analysis!D7 -> 0 | E8: =raw_data_review_analysis!E7/100 -> 0
A9: =raw_data_review_analysis!A8 -> 2017-01-01 | B9: =raw_data_review_analysis!B8 -> 741 | C9: =raw_data_review_analysis!C8 -> 4.2 | D9: =raw_data_review_analysis!D8 -> 89 | E9: =raw_data_review_analysis!E8/100 -> 0.1201
A10: =raw_data_review_analysis!A9 -> 2017-02-01 | B10: =raw_data_review_analysis!B9 -> 1643 | C10: =raw_data_review_analysis!C9 -> 4.2 | D10: =raw_data_review_analysis!D9 -> 182 | E10: =raw_data_review_analysis!E9/100 -> 0.1108
A11: =raw_data_review_analysis!A10 -> 2017-03-01 | B11: =raw_data_review_analysis!B10 -> 2527 | C11: =raw_data_review_analysis!C10 -> 4.19 | D11: =raw_data_review_analysis!D10 -> 284 | E11: =raw_data_review_analysis!E10/100 -> 0.1124
A12: =raw_data_review_analysis!A11 -> 2017-04-01 | B12: =raw_data_review_analysis!B11 -> 2290 | C12: =raw_data_review_analysis!C11 -> 4.14 | D12: =raw_data_review_analysis!D11 -> 293 | E12: =raw_data_review_analysis!E11/100 -> 0.1279
A13: =raw_data_review_analysis!A12 -> 2017-05-01 | B13: =raw_data_review_analysis!B12 -> 3517 | C13: =raw_data_review_analysis!C12 -> 4.24 | D13: =raw_data_review_analysis!D12 -> 352 | E13: =raw_data_review_analysis!E12/100 -> 0.1001
A14: =raw_data_review_analysis!A13 -> 2017-06-01 | B14: =raw_data_review_analysis!B13 -> 3111 | C14: =raw_data_review_analysis!C13 -> 4.22 | D14: =raw_data_review_analysis!D13 -> 330 | E14: =raw_data_review_analysis!E13/100 -> 0.1061
A15: =raw_data_review_analysis!A14 -> 2017-07-01 | B15: =raw_data_review_analysis!B14 -> 3842 | C15: =raw_data_review_analysis!C14 -> 4.26 | D15: =raw_data_review_analysis!D14 -> 381 | E15: =raw_data_review_analysis!E14/100 -> 0.0992
A16: =raw_data_review_analysis!A15 -> 2017-08-01 | B16: =raw_data_review_analysis!B15 -> 4165 | C16: =raw_data_review_analysis!C15 -> 4.31 | D16: =raw_data_review_analysis!D15 -> 391 | E16: =raw_data_review_analysis!E15/100 -> 0.0939
A17: =raw_data_review_analysis!A16 -> 2017-09-01 | B17: =raw_data_review_analysis!B16 -> 4118 | C17: =raw_data_review_analysis!C16 -> 4.27 | D17: =raw_data_review_analysis!D16 -> 420 | E17: =raw_data_review_analysis!E16/100 -> 0.102
... A28: =raw_data_review_analysis!A27 -> 2018-08-01 | B28: =raw_data_review_analysis!B27 -> 6330 | C28: =raw_data_review_analysis!C27 -> 4.31 | D28: =raw_data_review_analysis!D27 -> 604 | E28: =raw_data_review_analysis!E27/100 -> 0.0954
A30: Review Score by Delivery Status
A31: Delivery Status | B31: Reviewed Orders | C31: Avg Review Score | D31: Low Review Orders | E31: Low Review Rate
A32: =raw_data_review_analysis!A31 -> Early | B32: =raw_data_review_analysis!B31 -> 88163 | C32: =raw_data_review_analysis!C31 -> 4.29 | D32: =raw_data_review_analysis!D31 -> 8100 | E32: =raw_data_review_analysis!E31/100 -> 0.0919
A33: =raw_data_review_analysis!A32 -> On Time | B33: =raw_data_review_analysis!B32 -> 1280 | C33: =raw_data_review_analysis!C32 -> 4.04 | D33: =raw_data_review_analysis!D32 -> 157 | E33: =raw_data_review_analysis!E32/100 -> 0.1227
A34: =raw_data_review_analysis!A33 -> Late | B34: =raw_data_review_analysis!B33 -> 6381 | C34: =raw_data_review_analysis!C33 -> 2.27 | D34: =raw_data_review_analysis!D33 -> 3979 | E34: =raw_data_review_analysis!E33/100 -> 0.6236
A36: Sample-size caveat: on-time has only 1,280 reviewed orders vs. 88,163 (early) and 6,381 (late). Treat on-time as directional context, not an equally weighted third group — the early-vs-late contrast is the strongest, most defensible comparison here.
A37: This table is the strongest evidence in the workbook that delivery issues affected customer satisfaction: average review score drops from 4.29 (early) to 2.27 (late), and the low-review rate jumps from 9.19% to 62.36%.

Sheet raw_data_monthly_sales
A1: Raw Query Output — 2_monthly_sales.sql
A2: Untouched export from Postgres. The monthly_sales tab references these cells by formula — do not hand-edit values here.
A4: sales_month | B4: all_orders | C4: delivered_orders | D4: canceled_orders | E4: unavailable_orders | F4: other_orders | G4: delivered_orders_with_items | H4: items_sold | I4: product_revenue | J4: freight_value | K4: total_order_value | L4: average_order_value
A5: 42614 | B5: 4 | C5: 1 | D5: 2 | E5: 0 | F5: 1 | G5: 1 | H5: 3 | I5: 134.97 | J5: 8.49 | K5: 143.46 | L5: 143.46
A6: 42644 | B6: 324 | C6: 265 | D6: 24 | E6: 7 | F6: 28 | G6: 265 | H6: 313 | I6: 40325.11 | J6: 6165.55 | K6: 46490.66 | L6: 175.44
A7: 42705 | B7: 1 | C7: 1 | D7: 0 | E7: 0 | F7: 0 | G7: 1 | H7: 1 | I7: 10.9 | J7: 8.72 | K7: 19.62 | L7: 19.62
A8: 42736 | B8: 800 | C8: 750 | D8: 3 | E8: 10 | F8: 37 | G8: 750 | H8: 913 | I8: 111798.36 | J8: 15684.01 | K8: 127482.37 | L8: 169.98
A9: 42767 | B9: 1780 | C9: 1653 | D9: 17 | E9: 45 | F9: 65 | G9: 1653 | H9: 1858 | I9: 234223.4 | J9: 37015.92 | K9: 271239.32 | L9: 164.09
A10: 42795 | B10: 2682 | C10: 2546 | D10: 33 | E10: 32 | F10: 71 | G10: 2546 | H10: 2897 | I10: 359198.85 | J10: 55132.1 | K10: 414330.95 | L10: 162.74
A11: 42826 | B11: 2404 | C11: 2303 | D11: 18 | E11: 9 | F11: 74 | G11: 2303 | H11: 2569 | I11: 340669.68 | J11: 50142.72 | K11: 390812.4 | L11: 169.7
A12: 42856 | B12: 3700 | C12: 3546 | D12: 29 | E12: 31 | F12: 94 | G12: 3546 | H12: 4004 | I12: 489338.25 | J12: 77513.15 | K12: 566851.4 | L12: 159.86
A13: 42887 | B13: 3245 | C13: 3135 | D13: 16 | E13: 24 | F13: 70 | G13: 3135 | H13: 3489 | I13: 421923.37 | J13: 68127 | K13: 490050.37 | L13: 156.32
A14: 42917 | B14: 4026 | C14: 3872 | D14: 28 | E14: 52 | F14: 74 | G14: 3872 | H14: 4416 | I14: 481604.52 | J14: 84694.56 | K14: 566299.08 | L14: 146.25
A15: 42948 | B15: 4331 | C15: 4193 | D15: 27 | E15: 32 | F15: 79 | G15: 4193 | H15: 4797 | I15: 554699.7 | J15: 91132.66 | K15: 645832.36 | L15: 154.03
A16: 42979 | B16: 4285 | C16: 4150 | D16: 20 | E16: 38 | F16: 77 | G16: 4150 | H16: 4737 | I16: 607399.67 | J16: 93677.82 | K16: 701077.49 | L16: 168.93
... A29: 43374 | B29: 4 | C29: 0 | D29: 4 | E29: 0 | F29: 0 | G29: 0 | H29: 0 | I29: 0 | J29: 0 | K29: 0 | L29: 0

Sheet raw_data_category_performance
A1: Raw Query Output — 3_category_performance.sql
A2: Untouched export from Postgres. The display tab references these cells by formula — do not hand-edit values here.
A4: product_category | B4: delivered_orders | C4: items_sold | D4: product_revenue | E4: freight_value | F4: total_order_value | G4: average_category_order_value
A5: health_beauty | B5: 8647 | C5: 9465 | D5: 1233131.7 | E5: 178957.81 | F5: 1412089.5 | G5: 163.3
A6: watches_gifts | B6: 5495 | C6: 5859 | D6: 1166177 | E6: 98156.14 | F6: 1264333.1 | G6: 230.09
A7: bed_bath_table | B7: 9272 | C7: 10953 | D7: 1023434.8 | E7: 201774.5 | F7: 1225209.3 | G7: 132.14
A8: sports_leisure | B8: 7530 | C8: 8431 | D8: 954852.55 | E8: 163404.36 | F8: 1118256.9 | G8: 148.51
A9: computers_accessories | B9: 6530 | C9: 7644 | D9: 888724.61 | E9: 143999.16 | F9: 1032723.8 | G9: 158.15
A10: furniture_decor | B10: 6307 | C10: 8160 | D10: 711927.69 | E10: 168402.23 | F10: 880329.92 | G10: 139.58
A11: housewares | B11: 5743 | C11: 6795 | D11: 615628.69 | E11: 142763.56 | F11: 758392.25 | G11: 132.06
A12: cool_stuff | B12: 3559 | C12: 3718 | D12: 610204.1 | E12: 81476.79 | F12: 691680.89 | G12: 194.35
A13: auto | B13: 3810 | C13: 4140 | D13: 578966.65 | E13: 90488.1 | F13: 669454.75 | G13: 175.71
A14: garden_tools | B14: 3448 | C14: 4268 | D14: 470495.28 | E14: 96650.4 | F14: 567145.68 | G14: 164.49
A15: toys | B15: 3804 | C15: 4030 | D15: 471286.48 | E15: 75774.58 | F15: 547061.06 | G15: 143.81
A16: baby | B16: 2809 | C16: 2982 | D16: 400421.84 | E16: 66305.81 | F16: 466727.65 | G16: 166.15
... A78: security_and_services | B78: 2 | C78: 2 | D78: 283.29 | E78: 41.22 | F78: 324.51 | G78: 162.26

Sheet raw_data_delivery_performance
A1: Raw Query Output — 4_delivery_performance.sql
A2: Untouched export from Postgres. The display tab references these cells by formula — do not hand-edit values here.
A4: sales_month | B4: delivered_orders_with_valid_dates | C4: average_delivery_days | D4: average_days_early | E4: average_days_late | F4: early_orders | G4: on_time_orders | H4: late_orders | I4: early_rate_percent | J4: on_time_rate_percent | K4: late_rate_percent
A5: 42614 | B5: 1 | C5: 54.81 | E5: 36.32 | F5: 0 | G5: 0 | H5: 1 | I5: 0 | J5: 0 | K5: 100
A6: 42644 | B6: 265 | C6: 19.6 | D6: 36.57 | E6: 10.25 | F6: 262 | G6: 1 | H6: 2 | I6: 98.87 | J6: 0.38 | K6: 0.75
A7: 42705 | B7: 1 | C7: 4.69 | D7: 21.34 | F7: 1 | G7: 0 | H7: 0 | I7: 100 | J7: 0 | K7: 0
A8: 42736 | B8: 750 | C8: 12.65 | D8: 28.34 | E8: 20.73 | F8: 727 | G8: 1 | H8: 22 | I8: 96.93 | J8: 0.13 | K8: 2.93
A9: 42767 | B9: 1653 | C9: 13.17 | D9: 19.95 | E9: 21.31 | F9: 1600 | G9: 4 | H9: 49 | I9: 96.79 | J9: 0.24 | K9: 2.96
A10: 42795 | B10: 2546 | C10: 12.95 | D10: 13.74 | E10: 25.97 | F10: 2404 | G10: 26 | H10: 116 | I10: 94.42 | J10: 1.02 | K10: 4.56
A11: 42826 | B11: 2303 | C11: 14.92 | D11: 14.41 | E11: 12.86 | F11: 2122 | G11: 30 | H11: 151 | I11: 92.14 | J11: 1.3 | K11: 6.56
A12: 42856 | B12: 3545 | C12: 11.32 | D12: 13.86 | E12: 13.09 | F12: 3417 | G12: 22 | H12: 106 | I12: 96.39 | J12: 0.62 | K12: 2.99
A13: 42887 | B13: 3135 | C13: 12.01 | D13: 12.97 | E13: 14.96 | F13: 3014 | G13: 26 | H13: 95 | I13: 96.14 | J13: 0.83 | K13: 3.03
A14: 42917 | B14: 3872 | C14: 11.59 | D14: 12.51 | E14: 12.41 | F14: 3739 | G14: 25 | H14: 108 | I14: 96.57 | J14: 0.65 | K14: 2.79
A15: 42948 | B15: 4193 | C15: 11.15 | D15: 13.05 | E15: 9.49 | F15: 4054 | G15: 17 | H15: 122 | I15: 96.68 | J15: 0.41 | K15: 2.91
A16: 42979 | B16: 4150 | C16: 11.85 | D16: 11.64 | E16: 10.12 | F16: 3934 | G16: 34 | H16: 182 | I16: 94.8 | J16: 0.82 | K16: 4.39
A17: 43009 | B17: 4478 | C17: 11.86 | D17: 12.23 | E17: 9.94 | F17: 4241 | G17: 50 | H17: 187 | I17: 94.71 | J17: 1.12 | K17: 4.18
A18: 43040 | B18: 7288 | C18: 15.16 | D18: 10.37 | E18: 11.89 | F18: 6245 | G18: 139 | H18: 904 | I18: 85.69 | J18: 1.91 | K18: 12.4
A19: 43070 | B19: 5513 | C19: 15.39 | D19: 14.27 | E19: 10.43 | F19: 5051 | G19: 51 | H19: 411 | I19: 91.62 | J19: 0.93 | K19: 7.46
... A27: 43313 | B27: 6351 | C27: 7.73 | D27: 8.7 | E27: 5.05 | F27: 5691 | G27: 267 | H27: 393 | I27: 89.61 | J27: 4.2 | K27: 6.19

Sheet raw_data_customer_seller
A1: Raw Query Output — 5_customer_seller_analysis.sql
A2: Untouched export from Postgres. The display tab references these cells by formula — do not hand-edit values here.
A4: cohort_month | B4: cohort_customers | C4: repeat_customers | D4: avg_orders_per_customer | E4: avg_revenue_per_customer | F4: total_cohort_revenue | G4: repeat_customer_rate_percent
A5: 2016-09-01 | B5: 1 | C5: 0 | D5: 1 | E5: 143.46 | F5: 143.46 | G5: 0
A6: 2016-10-01 | B6: 262 | C6: 12 | D6: 1.05 | E6: 184.13 | F6: 48241.35 | G6: 4.58
A7: 2016-12-01 | B7: 1 | C7: 1 | D7: 2 | E7: 39.24 | F7: 39.24 | G7: 100
A8: 2017-01-01 | B8: 717 | C8: 52 | D8: 1.09 | E8: 182.59 | F8: 130915.22 | G8: 7.25
A9: 2017-02-01 | B9: 1628 | C9: 66 | D9: 1.04 | E9: 170.63 | F9: 277792.38 | G9: 4.05
A10: 2017-03-01 | B10: 2503 | C10: 121 | D10: 1.06 | E10: 171.37 | F10: 428948.45 | G10: 4.83
A11: 2017-04-01 | B11: 2256 | C11: 102 | D11: 1.05 | E11: 178.67 | F11: 403083.12 | G11: 4.52
A12: 2017-05-01 | B12: 3451 | C12: 182 | D12: 1.06 | E12: 168.99 | F12: 583196.95 | G12: 5.27
A13: 2017-06-01 | B13: 3037 | C13: 161 | D13: 1.06 | E13: 166.12 | F13: 504520.05 | G13: 5.3
A14: 2017-07-01 | B14: 3752 | C14: 175 | D14: 1.05 | E14: 153.8 | F14: 577051.37 | G14: 4.66
A15: 2017-08-01 | B15: 4057 | C15: 191 | D15: 1.06 | E15: 162.47 | F15: 659150.61 | G15: 4.71
A16: 2017-09-01 | B16: 4004 | C16: 180 | D16: 1.05 | E16: 177.06 | F16: 708937.04 | G16: 4.5
... A27: 2018-08-01 | B27: 6144 | C27: 34 | D27: 1.01 | E27: 156.74 | F27: 963030.33 | G27: 0.55
A29: Top 15 sellers by delivered revenue (same query, second result set)
A30: seller_id | B30: delivered_orders | C30: total_seller_revenue | D30: avg_order_value
A31: 4869f7a5dfa277a7dca6462dcf3b52b2 | B31: 1124 | C31: 247007.06 | D31: 219.76
A32: 7c67e1448b00f6e969d365cea6b010ab | B32: 973 | C32: 237806.69 | D32: 244.41
A33: 4a3ca9315b744ce9f8e9374361493884 | B33: 1772 | C33: 231220.43 | D33: 130.49
A34: 53243585a1d6dc2643021fd1853d8905 | B34: 348 | C34: 230797.02 | D34: 663.21
A35: fa1c13f2614d7b5c4749cbc52fecda94 | B35: 578 | C35: 200833.5 | D35: 347.46
A36: da8622b14eb17ae2831f4ac5b9dab84a | B36: 1311 | C36: 184706.78 | D36: 140.89
A37: 7e93a43ef30c4f03f38b393420bc753a | B37: 319 | C37: 171973.55 | D37: 539.1
A38: 1025f0e2d44d7041d6cf58b6550e0bfa | B38: 910 | C38: 171924.96 | D38: 188.93
A39: 7a67c85e85bb2ce8582c35f2203ad736 | B39: 1145 | C39: 160278.52 | D39: 139.98
A40: 955fee9216a65b617aa5c0531780ce60 | B40: 1261 | C40: 156606.48 | D40: 124.19
A41: 6560211a19b47992c3666cc44a7e94c0 | B41: 1819 | C41: 148050.94 | D41: 81.39
A42: 1f50f920176fa81dab994f9023523100 | B42: 1399 | C42: 141712.94 | D42: 101.3
... A45: 620c87c171fb2a6dd6e8bb4dec959fc6 | B45: 722 | C45: 126278.18 | D45: 174.9

Sheet raw_data_review_analysis
A1: Raw Query Output — 6_review_analysis.sql
A2: Untouched export from Postgres. The display tab references these cells by formula — do not hand-edit values here.
A4: review_month | B4: reviewed_delivered_orders | C4: average_review_score | D4: low_review_orders | E4: low_review_rate_percent
A5: 2016-09-01 | B5: 1 | C5: 1 | D5: 1 | E5: 100
A6: 2016-10-01 | B6: 262 | C6: 4.01 | D6: 43 | E6: 16.41
A7: 2016-12-01 | B7: 1 | C7: 5 | D7: 0 | E7: 0
A8: 2017-01-01 | B8: 741 | C8: 4.2 | D8: 89 | E8: 12.01
A9: 2017-02-01 | B9: 1643 | C9: 4.2 | D9: 182 | E9: 11.08
A10: 2017-03-01 | B10: 2527 | C10: 4.19 | D10: 284 | E10: 11.24
A11: 2017-04-01 | B11: 2290 | C11: 4.14 | D11: 293 | E11: 12.79
A12: 2017-05-01 | B12: 3517 | C12: 4.24 | D12: 352 | E12: 10.01
A13: 2017-06-01 | B13: 3111 | C13: 4.22 | D13: 330 | E13: 10.61
A14: 2017-07-01 | B14: 3842 | C14: 4.26 | D14: 381 | E14: 9.92
A15: 2017-08-01 | B15: 4165 | C15: 4.31 | D15: 391 | E15: 9.39
A16: 2017-09-01 | B16: 4118 | C16: 4.27 | D16: 420 | E16: 10.2
... A27: 2018-08-01 | B27: 6330 | C27: 4.31 | D27: 604 | E27: 9.54
A29: Review score by delivery status (same query, second result set)
A30: delivery_status | B30: reviewed_orders | C30: average_review_score | D30: low_review_orders | E30: low_review_rate_percent
A31: Early | B31: 88163 | C31: 4.29 | D31: 8100 | E31: 9.19
A32: On Time | B32: 1280 | C32: 4.04 | D32: 157 | E32: 12.27
A33: Late | B33: 6381 | C33: 2.27 | D33: 3979 | E33: 62.36
